series_id,country_code,country_name,year,value
EG.IMP.CONS.ZS,USA,United States,2015,7.308743454822769
EG.IMP.CONS.ZS,USA,United States,2014,9.214465501072144
EG.IMP.CONS.ZS,USA,United States,2013,13.943431510190651
EG.IMP.CONS.ZS,USA,United States,2012,15.69172908920509
EG.IMP.CONS.ZS,USA,United States,2011,18.554976759716006
EG.IMP.CONS.ZS,USA,United States,2010,22.209200898212714
EG.IMP.CONS.ZS,USA,United States,2009,22.12498370263121
EG.IMP.CONS.ZS,USA,United States,2008,25.264071370046832
EG.IMP.CONS.ZS,USA,United States,2007,28.585606884949023
EG.IMP.CONS.ZS,USA,United States,2006,27.972123426391683
EG.IMP.CONS.ZS,USA,United States,2005,29.659179283594433
EG.IMP.CONS.ZS,USA,United States,2004,28.695570693338627
EG.IMP.CONS.ZS,USA,United States,2003,27.72618061766504
EG.IMP.CONS.ZS,USA,United States,2002,26.604128551130042
EG.IMP.CONS.ZS,USA,United States,2001,24.300537166690532
EG.IMP.CONS.ZS,USA,United States,2000,26.659419586712296
EG.IMP.CONS.ZS,USA,United States,1999,24.457411175976887
EG.IMP.CONS.ZS,USA,United States,1998,21.56989414947736
EG.IMP.CONS.ZS,USA,United States,1997,21.50982494949271
EG.IMP.CONS.ZS,USA,United States,1996,20.583534817836295
EG.IMP.CONS.ZS,USA,United States,1995,19.74084642421358
EG.IMP.CONS.ZS,USA,United States,1994,18.79600376212264
EG.IMP.CONS.ZS,USA,United States,1993,20.287092675433975
EG.IMP.CONS.ZS,USA,United States,1992,16.338529620164202
EG.IMP.CONS.ZS,USA,United States,1991,14.942707646395437
EG.IMP.CONS.ZS,USA,United States,1990,13.70963091339235
EG.IMP.CONS.ZS,USA,United States,1989,16.9955043022868
EG.IMP.CONS.ZS,USA,United States,1988,15.668952653383997
EG.IMP.CONS.ZS,USA,United States,1987,13.854979134533494
EG.IMP.CONS.ZS,USA,United States,1986,12.04864653218851
EG.IMP.CONS.ZS,USA,United States,1985,11.537193753526077
EG.IMP.CONS.ZS,USA,United States,1984,9.513538801319935
EG.IMP.CONS.ZS,USA,United States,1983,12.770581008697112
EG.IMP.CONS.ZS,USA,United States,1982,9.048655709864946
EG.IMP.CONS.ZS,USA,United States,1981,11.801346091941992
EG.IMP.CONS.ZS,USA,United States,1980,13.931369608503369
EG.IMP.CONS.ZS,USA,United States,1979,18.57410896287574
EG.IMP.CONS.ZS,USA,United States,1978,21.923561632030907
EG.IMP.CONS.ZS,USA,United States,1977,20.808509530374703
EG.IMP.CONS.ZS,USA,United States,1976,19.694418966795954
EG.IMP.CONS.ZS,USA,United States,1975,14.871245806015315
EG.IMP.CONS.ZS,USA,United States,1974,15.551174466460257
EG.IMP.CONS.ZS,USA,United States,1973,15.82180043404437
EG.IMP.CONS.ZS,USA,United States,1972,12.131812562424539
EG.IMP.CONS.ZS,USA,United States,1971,9.515374518983336
EG.IMP.CONS.ZS,USA,United States,1970,6.521609932803028
EG.IMP.CONS.ZS,USA,United States,1969,7.709338426100181
EG.IMP.CONS.ZS,USA,United States,1968,5.544050639021839
EG.IMP.CONS.ZS,USA,United States,1967,4.252798673851884
EG.IMP.CONS.ZS,USA,United States,1966,7.157922478640864
EG.IMP.CONS.ZS,USA,United States,1965,7.220576214103117
EG.IMP.CONS.ZS,USA,United States,1964,6.503640837439901
EG.IMP.CONS.ZS,USA,United States,1963,6.238876079729106
EG.IMP.CONS.ZS,USA,United States,1962,5.825952830592575
EG.IMP.CONS.ZS,USA,United States,1961,5.578857967971742
EG.IMP.CONS.ZS,USA,United States,1960,5.340816187483465
EG.IMP.CONS.ZS,RUS,Russian Federation,2014,-83.67054072067974
EG.IMP.CONS.ZS,RUS,Russian Federation,2013,-83.84123984904029
EG.IMP.CONS.ZS,RUS,Russian Federation,2012,-77.8561096295228
EG.IMP.CONS.ZS,RUS,Russian Federation,2011,-80.0042989975367
EG.IMP.CONS.ZS,RUS,Russian Federation,2010,-85.84724400445596
EG.IMP.CONS.ZS,RUS,Russian Federation,2009,-84.02162871015723
EG.IMP.CONS.ZS,RUS,Russian Federation,2008,-82.1331243647021
EG.IMP.CONS.ZS,RUS,Russian Federation,2007,-84.232474302143
EG.IMP.CONS.ZS,RUS,Russian Federation,2006,-82.95042525918839
EG.IMP.CONS.ZS,RUS,Russian Federation,2005,-84.62870389913529
EG.IMP.CONS.ZS,RUS,Russian Federation,2004,-81.08263408210908
EG.IMP.CONS.ZS,RUS,Russian Federation,2003,-73.4721624068744
EG.IMP.CONS.ZS,RUS,Russian Federation,2002,-67.91521340038048
EG.IMP.CONS.ZS,RUS,Russian Federation,2001,-61.0565567408374
EG.IMP.CONS.ZS,RUS,Russian Federation,2000,-57.92622644882296
EG.IMP.CONS.ZS,RUS,Russian Federation,1999,-57.982716992781036
EG.IMP.CONS.ZS,RUS,Russian Federation,1998,-59.834798043459216
EG.IMP.CONS.ZS,RUS,Russian Federation,1997,-55.0612488496402
EG.IMP.CONS.ZS,RUS,Russian Federation,1996,-53.15386961580175
EG.IMP.CONS.ZS,RUS,Russian Federation,1995,-51.97849530803379
EG.IMP.CONS.ZS,RUS,Russian Federation,1994,-50.90907808956878
EG.IMP.CONS.ZS,RUS,Russian Federation,1993,-40.77225887969839
EG.IMP.CONS.ZS,RUS,Russian Federation,1992,-43.1199493331647
EG.IMP.CONS.ZS,RUS,Russian Federation,1991,-39.805183176262226
EG.IMP.CONS.ZS,RUS,Russian Federation,1990,-47.0788556238582
EG.IMP.CONS.ZS,JPN,Japan,2015,93.01912813954318
EG.IMP.CONS.ZS,JPN,Japan,2014,93.98125951657957
EG.IMP.CONS.ZS,JPN,Japan,2013,93.91862662766074
EG.IMP.CONS.ZS,JPN,Japan,2012,93.82704712482813
EG.IMP.CONS.ZS,JPN,Japan,2011,88.93691414718518
EG.IMP.CONS.ZS,JPN,Japan,2010,80.14407830924529
EG.IMP.CONS.ZS,JPN,Japan,2009,80.36108289264385
EG.IMP.CONS.ZS,JPN,Japan,2008,82.34586692738463
EG.IMP.CONS.ZS,JPN,Japan,2007,82.64541564545547
EG.IMP.CONS.ZS,JPN,Japan,2006,80.71502475897343
EG.IMP.CONS.ZS,JPN,Japan,2005,80.92420742742779
EG.IMP.CONS.ZS,JPN,Japan,2004,82.07032778526965
EG.IMP.CONS.ZS,JPN,Japan,2003,83.67531010576721
EG.IMP.CONS.ZS,JPN,Japan,2002,81.23226885143949
EG.IMP.CONS.ZS,JPN,Japan,2001,79.72095590850137
EG.IMP.CONS.ZS,JPN,Japan,2000,79.8078641502515
EG.IMP.CONS.ZS,JPN,Japan,1999,79.674112614524
EG.IMP.CONS.ZS,JPN,Japan,1998,78.42828783279788
EG.IMP.CONS.ZS,JPN,Japan,1997,79.36665258437259
EG.IMP.CONS.ZS,JPN,Japan,1996,80.00005875888856
EG.IMP.CONS.ZS,JPN,Japan,1995,80.19512518456395
EG.IMP.CONS.ZS,JPN,Japan,1994,81.3272733954984
EG.IMP.CONS.ZS,JPN,Japan,1993,80.93673282279295
EG.IMP.CONS.ZS,JPN,Japan,1992,82.39916529543562
EG.IMP.CONS.ZS,JPN,Japan,1991,82.26399861698079
EG.IMP.CONS.ZS,JPN,Japan,1990,82.99873860004226
EG.IMP.CONS.ZS,JPN,Japan,1989,82.90550970528263
EG.IMP.CONS.ZS,JPN,Japan,1988,82.4663907249315
EG.IMP.CONS.ZS,JPN,Japan,1987,80.72037556033715
EG.IMP.CONS.ZS,JPN,Japan,1986,81.23058244240312
EG.IMP.CONS.ZS,JPN,Japan,1985,81.52426946803017
EG.IMP.CONS.ZS,JPN,Japan,1984,83.62831557266378
EG.IMP.CONS.ZS,JPN,Japan,1983,83.61510557924908
EG.IMP.CONS.ZS,JPN,Japan,1982,84.60848708686575
EG.IMP.CONS.ZS,JPN,Japan,1981,86.78777225997246
EG.IMP.CONS.ZS,JPN,Japan,1980,87.43438088518903
EG.IMP.CONS.ZS,JPN,Japan,1979,88.83336952928457
EG.IMP.CONS.ZS,JPN,Japan,1978,89.13971261324842
EG.IMP.CONS.ZS,JPN,Japan,1977,90.31895232381213
EG.IMP.CONS.ZS,JPN,Japan,1976,89.83222625355354
EG.IMP.CONS.ZS,JPN,Japan,1975,90.19156931502054
EG.IMP.CONS.ZS,JPN,Japan,1974,90.48961690522636
EG.IMP.CONS.ZS,JPN,Japan,1973,90.78962873584452
EG.IMP.CONS.ZS,JPN,Japan,1972,88.59214426933897
EG.IMP.CONS.ZS,JPN,Japan,1971,86.62349668099803
EG.IMP.CONS.ZS,JPN,Japan,1970,84.66319914965882
EG.IMP.CONS.ZS,JPN,Japan,1969,81.30983696191429
EG.IMP.CONS.ZS,JPN,Japan,1968,77.12683397332383
EG.IMP.CONS.ZS,JPN,Japan,1967,74.08768084208518
EG.IMP.CONS.ZS,JPN,Japan,1966,66.81865705838906
EG.IMP.CONS.ZS,JPN,Japan,1965,64.24561607799521
EG.IMP.CONS.ZS,JPN,Japan,1964,61.07390029338355
EG.IMP.CONS.ZS,JPN,Japan,1963,57.10391911145805
EG.IMP.CONS.ZS,JPN,Japan,1962,49.96820407972065
EG.IMP.CONS.ZS,JPN,Japan,1961,45.39439445669603
EG.IMP.CONS.ZS,JPN,Japan,1960,41.882660859967395
EG.IMP.CONS.ZS,ITA,Italy,2015,76.4179821065515
EG.IMP.CONS.ZS,ITA,Italy,2014,75.00130370140964
EG.IMP.CONS.ZS,ITA,Italy,2013,76.33877418500904
EG.IMP.CONS.ZS,ITA,Italy,2012,78.3338476613038
EG.IMP.CONS.ZS,ITA,Italy,2011,80.9821353995273
EG.IMP.CONS.ZS,ITA,Italy,2010,81.00267181727541
EG.IMP.CONS.ZS,ITA,Italy,2009,81.33076624290712
EG.IMP.CONS.ZS,ITA,Italy,2008,81.88238606319652
EG.IMP.CONS.ZS,ITA,Italy,2007,83.08543015655388
EG.IMP.CONS.ZS,ITA,Italy,2006,83.71512533565478
EG.IMP.CONS.ZS,ITA,Italy,2005,83.79208330426663
EG.IMP.CONS.ZS,ITA,Italy,2004,84.06483707047502
EG.IMP.CONS.ZS,ITA,Italy,2003,83.53825705444659
EG.IMP.CONS.ZS,ITA,Italy,2002,83.70034230769468
EG.IMP.CONS.ZS,ITA,Italy,2001,84.4230696083365
EG.IMP.CONS.ZS,ITA,Italy,2000,83.57703846799677
EG.IMP.CONS.ZS,ITA,Italy,1999,82.63902248915302
EG.IMP.CONS.ZS,ITA,Italy,1998,81.7286017337053
EG.IMP.CONS.ZS,ITA,Italy,1997,81.1459930992474
EG.IMP.CONS.ZS,ITA,Italy,1996,80.96096132852108
EG.IMP.CONS.ZS,ITA,Italy,1995,81.51230787201726
EG.IMP.CONS.ZS,ITA,Italy,1994,79.87048441757781
EG.IMP.CONS.ZS,ITA,Italy,1993,80.93875062377828
EG.IMP.CONS.ZS,ITA,Italy,1992,81.73618649909665
EG.IMP.CONS.ZS,ITA,Italy,1991,82.63412124703243
EG.IMP.CONS.ZS,ITA,Italy,1990,82.72796816030288
EG.IMP.CONS.ZS,ITA,Italy,1989,82.65964035596588
EG.IMP.CONS.ZS,ITA,Italy,1988,81.73559446148573
EG.IMP.CONS.ZS,ITA,Italy,1987,82.24570295430144
EG.IMP.CONS.ZS,ITA,Italy,1986,81.0349454334449
EG.IMP.CONS.ZS,ITA,Italy,1985,82.39051609716749
EG.IMP.CONS.ZS,ITA,Italy,1984,82.24245502361342
EG.IMP.CONS.ZS,ITA,Italy,1983,82.7731712175379
EG.IMP.CONS.ZS,ITA,Italy,1982,81.90729018551606
EG.IMP.CONS.ZS,ITA,Italy,1981,83.730668876626
EG.IMP.CONS.ZS,ITA,Italy,1980,84.79396884028709
EG.IMP.CONS.ZS,ITA,Italy,1979,84.39997526290749
EG.IMP.CONS.ZS,ITA,Italy,1978,83.4055147196634
EG.IMP.CONS.ZS,ITA,Italy,1977,83.05379767836565
EG.IMP.CONS.ZS,ITA,Italy,1976,82.76634959772714
EG.IMP.CONS.ZS,ITA,Italy,1975,82.03147271320633
EG.IMP.CONS.ZS,ITA,Italy,1974,82.59886134812895
EG.IMP.CONS.ZS,ITA,Italy,1973,82.88762603346639
EG.IMP.CONS.ZS,ITA,Italy,1972,81.95908706133407
EG.IMP.CONS.ZS,ITA,Italy,1971,81.46970385590808
EG.IMP.CONS.ZS,ITA,Italy,1970,81.78305684979053
EG.IMP.CONS.ZS,ITA,Italy,1969,81.14693754367687
EG.IMP.CONS.ZS,ITA,Italy,1968,80.56229872093283
EG.IMP.CONS.ZS,ITA,Italy,1967,79.29651296954268
EG.IMP.CONS.ZS,ITA,Italy,1966,77.78895990892646
EG.IMP.CONS.ZS,ITA,Italy,1965,76.62542371999359
EG.IMP.CONS.ZS,ITA,Italy,1964,74.87700283750112
EG.IMP.CONS.ZS,ITA,Italy,1963,74.4074707397282
EG.IMP.CONS.ZS,ITA,Italy,1962,72.57889866491057
EG.IMP.CONS.ZS,ITA,Italy,1961,68.6299659882852
EG.IMP.CONS.ZS,ITA,Italy,1960,65.31670162405683
EG.IMP.CONS.ZS,IND,India,2014,34.305523751201925
EG.IMP.CONS.ZS,IND,India,2013,32.47555404147748
EG.IMP.CONS.ZS,IND,India,2012,31.496522282074856
EG.IMP.CONS.ZS,IND,India,2011,29.382041992503634
EG.IMP.CONS.ZS,IND,India,2010,28.3476087460204
EG.IMP.CONS.ZS,IND,India,2009,27.45267630128473
EG.IMP.CONS.ZS,IND,India,2008,25.793979456804788
EG.IMP.CONS.ZS,IND,India,2007,24.969607228614123
EG.IMP.CONS.ZS,IND,India,2006,23.469241708485722
EG.IMP.CONS.ZS,IND,India,2005,22.052652629406573
EG.IMP.CONS.ZS,IND,India,2004,21.380638358336224
EG.IMP.CONS.ZS,IND,India,2003,19.66334599544582
EG.IMP.CONS.ZS,IND,India,2002,20.352775500250036
EG.IMP.CONS.ZS,IND,India,2001,20.080460840312927
EG.IMP.CONS.ZS,IND,India,2000,20.44553976683605
EG.IMP.CONS.ZS,IND,India,1999,20.062413222318423
EG.IMP.CONS.ZS,IND,India,1998,17.230376255376502
EG.IMP.CONS.ZS,IND,India,1997,14.934121714559002
EG.IMP.CONS.ZS,IND,India,1996,14.256988899669976
EG.IMP.CONS.ZS,IND,India,1995,13.055077485055788
EG.IMP.CONS.ZS,IND,India,1994,12.197368852824757
EG.IMP.CONS.ZS,IND,India,1993,11.984993226903127
EG.IMP.CONS.ZS,IND,India,1992,11.04552069437521
EG.IMP.CONS.ZS,IND,India,1991,8.797442832026059
EG.IMP.CONS.ZS,IND,India,1990,8.259887793064307
EG.IMP.CONS.ZS,IND,India,1989,7.615272912872091
EG.IMP.CONS.ZS,IND,India,1988,6.184235008025658
EG.IMP.CONS.ZS,IND,India,1987,5.947143571350007
EG.IMP.CONS.ZS,IND,India,1986,5.300916204876261
EG.IMP.CONS.ZS,IND,India,1985,6.315665434589389
EG.IMP.CONS.ZS,IND,India,1984,4.000558120089358
EG.IMP.CONS.ZS,IND,India,1983,4.815674411812474
EG.IMP.CONS.ZS,IND,India,1982,6.552875035961955
EG.IMP.CONS.ZS,IND,India,1981,7.8095656622036405
EG.IMP.CONS.ZS,IND,India,1980,9.463231669353148
EG.IMP.CONS.ZS,IND,India,1979,9.902650727697374
EG.IMP.CONS.ZS,IND,India,1978,7.48405502656035
EG.IMP.CONS.ZS,IND,India,1977,8.777171118613785
EG.IMP.CONS.ZS,IND,India,1976,8.573584314200579
EG.IMP.CONS.ZS,IND,India,1975,7.295552194540064
EG.IMP.CONS.ZS,IND,India,1974,9.081814990584943
EG.IMP.CONS.ZS,IND,India,1973,9.831581034355267
EG.IMP.CONS.ZS,IND,India,1972,9.232099671239311
EG.IMP.CONS.ZS,IND,India,1971,9.762031650883639
EG.IMP.CONS.ZS,GBR,United Kingdom,2015,34.62999026752639
EG.IMP.CONS.ZS,GBR,United Kingdom,2014,39.67463180608308
EG.IMP.CONS.ZS,GBR,United Kingdom,2013,42.32391728642839
EG.IMP.CONS.ZS,GBR,United Kingdom,2012,39.18082886175361
EG.IMP.CONS.ZS,GBR,United Kingdom,2011,30.841231990666103
EG.IMP.CONS.ZS,GBR,United Kingdom,2010,26.57049678681227
EG.IMP.CONS.ZS,GBR,United Kingdom,2009,19.11991506158427
EG.IMP.CONS.ZS,GBR,United Kingdom,2008,19.823124943991985
EG.IMP.CONS.ZS,GBR,United Kingdom,2007,16.550182893989675
EG.IMP.CONS.ZS,GBR,United Kingdom,2006,14.705554557400264
EG.IMP.CONS.ZS,GBR,United Kingdom,2005,7.8619833315446614
EG.IMP.CONS.ZS,GBR,United Kingdom,2004,-1.706573507816048
EG.IMP.CONS.ZS,GBR,United Kingdom,2003,-10.718130373813047
EG.IMP.CONS.ZS,GBR,United Kingdom,2002,-18.01738199547263
EG.IMP.CONS.ZS,GBR,United Kingdom,2001,-17.241907530709764
EG.IMP.CONS.ZS,GBR,United Kingdom,2000,-22.21181317982776
EG.IMP.CONS.ZS,GBR,United Kingdom,1999,-26.806219914753303
EG.IMP.CONS.ZS,GBR,United Kingdom,1998,-22.755761828190785
EG.IMP.CONS.ZS,GBR,United Kingdom,1997,-22.32726935973646
EG.IMP.CONS.ZS,GBR,United Kingdom,1996,-19.168927806693034
EG.IMP.CONS.ZS,GBR,United Kingdom,1995,-19.03416961779553
EG.IMP.CONS.ZS,GBR,United Kingdom,1994,-13.258332177196566
EG.IMP.CONS.ZS,GBR,United Kingdom,1993,-4.241048239566727
EG.IMP.CONS.ZS,GBR,United Kingdom,1992,-1.318292605215707
EG.IMP.CONS.ZS,GBR,United Kingdom,1991,-0.8498307133334102
EG.IMP.CONS.ZS,GBR,United Kingdom,1990,-1.0079999894329155
EG.IMP.CONS.ZS,GBR,United Kingdom,1989,-1.0008346090176043
EG.IMP.CONS.ZS,GBR,United Kingdom,1988,-12.79547870050442
EG.IMP.CONS.ZS,GBR,United Kingdom,1987,-17.857741399020625
EG.IMP.CONS.ZS,GBR,United Kingdom,1986,-21.320333059705725
EG.IMP.CONS.ZS,GBR,United Kingdom,1985,-18.61358224711405
EG.IMP.CONS.ZS,GBR,United Kingdom,1984,-7.929851355983796
EG.IMP.CONS.ZS,GBR,United Kingdom,1983,-22.632695924940847
EG.IMP.CONS.ZS,GBR,United Kingdom,1982,-15.859330937761069
EG.IMP.CONS.ZS,GBR,United Kingdom,1981,-7.793724528757844
EG.IMP.CONS.ZS,GBR,United Kingdom,1980,0.2940898674354824
EG.IMP.CONS.ZS,GBR,United Kingdom,1979,11.091824606513791
EG.IMP.CONS.ZS,GBR,United Kingdom,1978,18.945915612762928
EG.IMP.CONS.ZS,GBR,United Kingdom,1977,25.496066764557813
EG.IMP.CONS.ZS,GBR,United Kingdom,1976,37.73410530956603
EG.IMP.CONS.ZS,GBR,United Kingdom,1975,42.437451284733754
EG.IMP.CONS.ZS,GBR,United Kingdom,1974,51.09473975695325
EG.IMP.CONS.ZS,GBR,United Kingdom,1973,50.23860521655713
EG.IMP.CONS.ZS,GBR,United Kingdom,1972,51.92454165036084
EG.IMP.CONS.ZS,GBR,United Kingdom,1971,47.37892833018186
EG.IMP.CONS.ZS,GBR,United Kingdom,1970,50.59548181280695
EG.IMP.CONS.ZS,GBR,United Kingdom,1969,48.3506065954764
EG.IMP.CONS.ZS,GBR,United Kingdom,1968,43.24804071623724
EG.IMP.CONS.ZS,GBR,United Kingdom,1967,40.59059187058972
EG.IMP.CONS.ZS,GBR,United Kingdom,1966,39.84194789178314
EG.IMP.CONS.ZS,GBR,United Kingdom,1965,36.60026820015481
EG.IMP.CONS.ZS,GBR,United Kingdom,1964,32.802203147940205
EG.IMP.CONS.ZS,GBR,United Kingdom,1963,31.513269317199487
EG.IMP.CONS.ZS,GBR,United Kingdom,1962,28.215671003380997
EG.IMP.CONS.ZS,GBR,United Kingdom,1961,28.57544920023375
EG.IMP.CONS.ZS,GBR,United Kingdom,1960,27.761071106614033
EG.IMP.CONS.ZS,FRA,France,2015,44.11016596524359
EG.IMP.CONS.ZS,FRA,France,2014,43.48527185200152
EG.IMP.CONS.ZS,FRA,France,2013,46.352875017262285
EG.IMP.CONS.ZS,FRA,France,2012,46.79923106658178
EG.IMP.CONS.ZS,FRA,France,2011,46.06021462613417
EG.IMP.CONS.ZS,FRA,France,2010,48.16346592374847
EG.IMP.CONS.ZS,FRA,France,2009,49.24531093014658
EG.IMP.CONS.ZS,FRA,France,2008,48.51809178880754
EG.IMP.CONS.ZS,FRA,France,2007,49.039075402134436
EG.IMP.CONS.ZS,FRA,France,2006,48.8981233363882
EG.IMP.CONS.ZS,FRA,France,2005,49.38184501434898
EG.IMP.CONS.ZS,FRA,France,2004,49.2438301165299
EG.IMP.CONS.ZS,FRA,France,2003,48.94658936330669
EG.IMP.CONS.ZS,FRA,France,2002,48.65845485499833
EG.IMP.CONS.ZS,FRA,France,2001,49.32858783490505
EG.IMP.CONS.ZS,FRA,France,2000,48.13281961455196
EG.IMP.CONS.ZS,FRA,France,1999,49.03473187179501
EG.IMP.CONS.ZS,FRA,France,1998,49.80776522992681
EG.IMP.CONS.ZS,FRA,France,1997,46.98181335832587
EG.IMP.CONS.ZS,FRA,France,1996,47.38343844519854
EG.IMP.CONS.ZS,FRA,France,1995,46.06458863199098
EG.IMP.CONS.ZS,FRA,France,1994,45.61438580954537
EG.IMP.CONS.ZS,FRA,France,1993,46.56741698473022
EG.IMP.CONS.ZS,FRA,France,1992,48.35533367512126
EG.IMP.CONS.ZS,FRA,France,1991,49.94910291278305
EG.IMP.CONS.ZS,FRA,France,1990,50.0589872881943
EG.IMP.CONS.ZS,FRA,France,1989,50.29522307284897
EG.IMP.CONS.ZS,FRA,France,1988,50.548870842996195
EG.IMP.CONS.ZS,FRA,France,1987,51.09265499899958
EG.IMP.CONS.ZS,FRA,France,1986,51.761775203293425
EG.IMP.CONS.ZS,FRA,France,1985,54.215464401459734
EG.IMP.CONS.ZS,FRA,France,1984,56.218851460380414
EG.IMP.CONS.ZS,FRA,France,1983,61.0749972499407
EG.IMP.CONS.ZS,FRA,France,1982,65.22688035342871
EG.IMP.CONS.ZS,FRA,France,1981,65.84710600988838
EG.IMP.CONS.ZS,FRA,France,1980,72.57127720577763
EG.IMP.CONS.ZS,FRA,France,1979,75.07825237920935
EG.IMP.CONS.ZS,FRA,France,1978,75.1929957499326
EG.IMP.CONS.ZS,FRA,France,1977,74.24801311120008
EG.IMP.CONS.ZS,FRA,France,1976,76.65612789276062
EG.IMP.CONS.ZS,FRA,France,1975,73.5881130784013
EG.IMP.CONS.ZS,FRA,France,1974,75.73489133927627
EG.IMP.CONS.ZS,FRA,France,1973,75.47788020596428
EG.IMP.CONS.ZS,FRA,France,1972,72.01160767116657
EG.IMP.CONS.ZS,FRA,France,1971,69.97681990842372
EG.IMP.CONS.ZS,FRA,France,1970,67.33521124725294
EG.IMP.CONS.ZS,FRA,France,1969,68.35267327832118
EG.IMP.CONS.ZS,FRA,France,1968,65.93056920728189
EG.IMP.CONS.ZS,FRA,France,1967,61.14579237132275
EG.IMP.CONS.ZS,FRA,France,1966,57.0435518110176
EG.IMP.CONS.ZS,FRA,France,1965,56.24364949162016
EG.IMP.CONS.ZS,FRA,France,1964,55.3895971525703
EG.IMP.CONS.ZS,FRA,France,1963,55.827843460325965
EG.IMP.CONS.ZS,FRA,France,1962,49.88809293507189
EG.IMP.CONS.ZS,FRA,France,1961,46.52076174782813
EG.IMP.CONS.ZS,FRA,France,1960,42.82320186437232
EG.IMP.CONS.ZS,DEU,Germany,2015,61.40016936873751
EG.IMP.CONS.ZS,DEU,Germany,2014,60.87591027910175
EG.IMP.CONS.ZS,DEU,Germany,2013,62.093783982408
EG.IMP.CONS.ZS,DEU,Germany,2012,60.69545859916011
EG.IMP.CONS.ZS,DEU,Germany,2011,60.5645102225714
EG.IMP.CONS.ZS,DEU,Germany,2010,60.66440970869531
EG.IMP.CONS.ZS,DEU,Germany,2009,59.317546459835214
EG.IMP.CONS.ZS,DEU,Germany,2008,60.00315351957363
EG.IMP.CONS.ZS,DEU,Germany,2007,58.46423004665328
EG.IMP.CONS.ZS,DEU,Germany,2006,60.01125617565039
EG.IMP.CONS.ZS,DEU,Germany,2005,59.46621257583279
EG.IMP.CONS.ZS,DEU,Germany,2004,59.73851082179519
EG.IMP.CONS.ZS,DEU,Germany,2003,59.977743006387584
EG.IMP.CONS.ZS,DEU,Germany,2002,60.34080530466235
EG.IMP.CONS.ZS,DEU,Germany,2001,61.176461938025476
EG.IMP.CONS.ZS,DEU,Germany,2000,59.82339485856504
EG.IMP.CONS.ZS,DEU,Germany,1999,59.08026927553265
EG.IMP.CONS.ZS,DEU,Germany,1998,60.36084305371715
EG.IMP.CONS.ZS,DEU,Germany,1997,58.39315470212658
EG.IMP.CONS.ZS,DEU,Germany,1996,58.85052786272256
EG.IMP.CONS.ZS,DEU,Germany,1995,56.93509712870613
EG.IMP.CONS.ZS,DEU,Germany,1994,56.41397322548782
EG.IMP.CONS.ZS,DEU,Germany,1993,54.572366308446426
EG.IMP.CONS.ZS,DEU,Germany,1992,51.690833846010165
EG.IMP.CONS.ZS,DEU,Germany,1991,51.117853655038125
EG.IMP.CONS.ZS,DEU,Germany,1990,46.993619579061104
EG.IMP.CONS.ZS,DEU,Germany,1989,43.60711720713859
EG.IMP.CONS.ZS,DEU,Germany,1988,44.072169004533784
EG.IMP.CONS.ZS,DEU,Germany,1987,44.47392630496571
EG.IMP.CONS.ZS,DEU,Germany,1986,43.907633617884336
EG.IMP.CONS.ZS,DEU,Germany,1985,41.39994421423246
EG.IMP.CONS.ZS,DEU,Germany,1984,42.899867578682596
EG.IMP.CONS.ZS,DEU,Germany,1983,43.10359394496287
EG.IMP.CONS.ZS,DEU,Germany,1982,42.11623190304574
EG.IMP.CONS.ZS,DEU,Germany,1981,44.24968632120055
EG.IMP.CONS.ZS,DEU,Germany,1980,48.02980287108314
EG.IMP.CONS.ZS,DEU,Germany,1979,50.232088047547094
EG.IMP.CONS.ZS,DEU,Germany,1978,50.061698208027174
EG.IMP.CONS.ZS,DEU,Germany,1977,48.85995787910271
EG.IMP.CONS.ZS,DEU,Germany,1976,48.495202386443445
EG.IMP.CONS.ZS,DEU,Germany,1975,45.08599869416199
EG.IMP.CONS.ZS,DEU,Germany,1974,47.27185443835344
EG.IMP.CONS.ZS,DEU,Germany,1973,48.71153583280668
EG.IMP.CONS.ZS,DEU,Germany,1972,45.626418813275016
EG.IMP.CONS.ZS,DEU,Germany,1971,42.564090085243315
EG.IMP.CONS.ZS,DEU,Germany,1970,42.116742085607
EG.IMP.CONS.ZS,DEU,Germany,1969,46.00983513692332
EG.IMP.CONS.ZS,DEU,Germany,1968,42.765947430241205
EG.IMP.CONS.ZS,DEU,Germany,1967,40.01018795638566
EG.IMP.CONS.ZS,DEU,Germany,1966,34.63771361128778
EG.IMP.CONS.ZS,DEU,Germany,1965,30.20690542227872
EG.IMP.CONS.ZS,DEU,Germany,1964,25.32552327495309
EG.IMP.CONS.ZS,DEU,Germany,1963,23.80630934062458
EG.IMP.CONS.ZS,DEU,Germany,1962,19.12600831595293
EG.IMP.CONS.ZS,DEU,Germany,1961,13.58234755195065
EG.IMP.CONS.ZS,DEU,Germany,1960,11.897830899402363
EG.IMP.CONS.ZS,CHN,China,2014,15.021800740113905
EG.IMP.CONS.ZS,CHN,China,2013,14.756451413436844
EG.IMP.CONS.ZS,CHN,China,2012,14.359740378292688
EG.IMP.CONS.ZS,CHN,China,2011,11.860123210801216
EG.IMP.CONS.ZS,CHN,China,2010,11.44641321802288
EG.IMP.CONS.ZS,CHN,China,2009,10.36099569870367
EG.IMP.CONS.ZS,CHN,China,2008,8.435545072930362
EG.IMP.CONS.ZS,CHN,China,2007,8.421708309604853
EG.IMP.CONS.ZS,CHN,China,2006,7.858073702977854
EG.IMP.CONS.ZS,CHN,China,2005,6.056192142570065
EG.IMP.CONS.ZS,CHN,China,2004,4.894838489547105
EG.IMP.CONS.ZS,CHN,China,2003,3.0895430476379375
EG.IMP.CONS.ZS,CHN,China,2002,1.5005426389710932
EG.IMP.CONS.ZS,CHN,China,2001,-0.6738288796085873
EG.IMP.CONS.ZS,CHN,China,2000,0.5484087684974818
EG.IMP.CONS.ZS,CHN,China,1999,2.2553392199073263
EG.IMP.CONS.ZS,CHN,China,1998,-0.07124417391966793
EG.IMP.CONS.ZS,CHN,China,1997,-0.695494594431339
EG.IMP.CONS.ZS,CHN,China,1996,-1.6371052295066895
EG.IMP.CONS.ZS,CHN,China,1995,-1.9187571146048195
EG.IMP.CONS.ZS,CHN,China,1994,-1.3699078345255788
EG.IMP.CONS.ZS,CHN,China,1993,-0.442131049073803
EG.IMP.CONS.ZS,CHN,China,1992,-3.0977563376412123
EG.IMP.CONS.ZS,CHN,China,1991,-4.565863899677358
EG.IMP.CONS.ZS,CHN,China,1990,-1.1661638515883983
EG.IMP.CONS.ZS,CHN,China,1989,-5.991797506697751
EG.IMP.CONS.ZS,CHN,China,1988,-2.9684406625307096
EG.IMP.CONS.ZS,CHN,China,1987,-4.354344809928944
EG.IMP.CONS.ZS,CHN,China,1986,-6.556212242712507
EG.IMP.CONS.ZS,CHN,China,1985,-7.543744339268377
EG.IMP.CONS.ZS,CHN,China,1984,-6.237454332954979
EG.IMP.CONS.ZS,CHN,China,1983,-5.1684127346238995
EG.IMP.CONS.ZS,CHN,China,1982,-4.206942351955164
EG.IMP.CONS.ZS,CHN,China,1981,-3.171726128892861
EG.IMP.CONS.ZS,CHN,China,1980,-2.9184906736597718
EG.IMP.CONS.ZS,CHN,China,1979,-3.1154941208229627
EG.IMP.CONS.ZS,CHN,China,1978,-2.387013601901283
EG.IMP.CONS.ZS,CHN,China,1977,-2.1244891319489043
EG.IMP.CONS.ZS,CHN,China,1976,-2.376011711714508
EG.IMP.CONS.ZS,CHN,China,1975,-2.844526186978192
EG.IMP.CONS.ZS,CHN,China,1974,-1.9035377360828984
EG.IMP.CONS.ZS,CHN,China,1973,-1.1141950072199776
EG.IMP.CONS.ZS,CHN,China,1972,-0.8191557501742655
EG.IMP.CONS.ZS,CHN,China,1971,-0.7906073111177898
EG.IMP.CONS.ZS,CAN,Canada,2015,-72.5281697658652
EG.IMP.CONS.ZS,CAN,Canada,2014,-67.92722174303826
EG.IMP.CONS.ZS,CAN,Canada,2013,-64.44374805110212
EG.IMP.CONS.ZS,CAN,Canada,2012,-59.114160400190755
EG.IMP.CONS.ZS,CAN,Canada,2011,-52.96207891631265
EG.IMP.CONS.ZS,CAN,Canada,2010,-51.37487379844099
EG.IMP.CONS.ZS,CAN,Canada,2009,-50.197715125769626
EG.IMP.CONS.ZS,CAN,Canada,2008,-50.42825604153691
EG.IMP.CONS.ZS,CAN,Canada,2007,-53.29171757634333
EG.IMP.CONS.ZS,CAN,Canada,2006,-53.80949229648226
EG.IMP.CONS.ZS,CAN,Canada,2005,-48.953644870421314
EG.IMP.CONS.ZS,CAN,Canada,2004,-48.23775636839017
EG.IMP.CONS.ZS,CAN,Canada,2003,-47.046452799054585
EG.IMP.CONS.ZS,CAN,Canada,2002,-54.12409412695918
EG.IMP.CONS.ZS,CAN,Canada,2001,-51.668195278346104
EG.IMP.CONS.ZS,CAN,Canada,2000,-47.804356415708845
EG.IMP.CONS.ZS,CAN,Canada,1999,-48.7356760905854
EG.IMP.CONS.ZS,CAN,Canada,1998,-53.536082803911675
EG.IMP.CONS.ZS,CAN,Canada,1997,-52.383901118203404
EG.IMP.CONS.ZS,CAN,Canada,1996,-51.2684199598067
EG.IMP.CONS.ZS,CAN,Canada,1995,-50.50588106804299
EG.IMP.CONS.ZS,CAN,Canada,1994,-47.835757214191375
EG.IMP.CONS.ZS,CAN,Canada,1993,-42.892386217409076
EG.IMP.CONS.ZS,CAN,Canada,1992,-37.54038478251183
EG.IMP.CONS.ZS,CAN,Canada,1991,-36.56028250061904
EG.IMP.CONS.ZS,CAN,Canada,1990,-30.835755236887763
EG.IMP.CONS.ZS,CAN,Canada,1989,-26.14821544883291
EG.IMP.CONS.ZS,CAN,Canada,1988,-29.118201482969702
EG.IMP.CONS.ZS,CAN,Canada,1987,-24.55438908338399
EG.IMP.CONS.ZS,CAN,Canada,1986,-22.09220066290742
EG.IMP.CONS.ZS,CAN,Canada,1985,-24.998445526684886
EG.IMP.CONS.ZS,CAN,Canada,1984,-21.21227816204151
EG.IMP.CONS.ZS,CAN,Canada,1983,-15.4200029612334
EG.IMP.CONS.ZS,CAN,Canada,1982,-12.345262194915959
EG.IMP.CONS.ZS,CAN,Canada,1981,-6.8749072534919105
EG.IMP.CONS.ZS,CAN,Canada,1980,-7.934874521558561
EG.IMP.CONS.ZS,CAN,Canada,1979,-10.435063763229133
EG.IMP.CONS.ZS,CAN,Canada,1978,-5.437346401048085
EG.IMP.CONS.ZS,CAN,Canada,1977,-7.710029906558842
EG.IMP.CONS.ZS,CAN,Canada,1976,-6.486679352663366
EG.IMP.CONS.ZS,CAN,Canada,1975,-13.018307809906998
EG.IMP.CONS.ZS,CAN,Canada,1974,-18.65129600484823
EG.IMP.CONS.ZS,CAN,Canada,1973,-24.39625384233592
EG.IMP.CONS.ZS,CAN,Canada,1972,-15.94964271133966
EG.IMP.CONS.ZS,CAN,Canada,1971,-10.24871865292163
EG.IMP.CONS.ZS,CAN,Canada,1970,-4.822199863146583
EG.IMP.CONS.ZS,CAN,Canada,1969,2.004650070444979
EG.IMP.CONS.ZS,CAN,Canada,1968,7.0201854748690105
EG.IMP.CONS.ZS,CAN,Canada,1967,8.259477886800441
EG.IMP.CONS.ZS,CAN,Canada,1966,8.388174708316095
EG.IMP.CONS.ZS,CAN,Canada,1965,11.536018438818054
EG.IMP.CONS.ZS,CAN,Canada,1964,10.006309793279742
EG.IMP.CONS.ZS,CAN,Canada,1963,11.421954339718248
EG.IMP.CONS.ZS,CAN,Canada,1962,10.515045979222634
EG.IMP.CONS.ZS,CAN,Canada,1961,18.36862015114487
EG.IMP.CONS.ZS,CAN,Canada,1960,25.019422371219886
